simplified	IS	example_IS
哎	hey; hæ	Hæ, af hverju komst þú?
唉	æ; andvarp	Æ, ég er seinn aftur.
爱护	vernda; hugsa vel um	Við eigum að vernda umhverfið.
爱惜	meta; fara vel með	Farðu vel með tímann þinn.
爱心	umhyggja	Hún er mjög umhyggjusöm.
安慰	hugga	Vinur minn huggaði mig.
安装	setja upp	Verkamaðurinn er að setja upp loftkælinguna.
岸	strönd; bakki	Báturinn nálgast bakkann hægt.
暗	dimmur	Það er mjög dimmt í herberginu.
熬夜	vaka fram eftir	Að vaka fram eftir er slæmt fyrir heilsuna.
把握	vissa; tök	Ég er ekki viss um að ég geti gert þetta vel.
摆	raða	Vinsamlegast raðaðu stólunum snyrtilega.
办理	sinna; afgreiða	Ég fer í bankann til að sinna erindum.
傍晚	kvöld; rökkur	Um kvöldið förum við í göngutúr.
包裹	pakki	Ég fékk pakka.
包含	fela í sér	Verðið felur morgunmat í sér.
包括	innifela	Gjaldið innifelur hádegismat.
薄	þunnur	Þessi bók er mjög þunn.
保持	halda	Vinsamlegast hafðu hljótt.
保存	vista	Vinsamlegast vistaðu þetta skjal.
保留	panta; halda eftir	Vinsamlegast pantaðu sæti fyrir mig.
保险	trygging	Ég keypti ferðatryggingu.
宝贝	dýrgripur	Þetta er dýrgripurinn minn.
宝贵	dýrmætur	Tíminn er mjög dýrmætur.
报到	skrá sig inn	Nýnemar koma í skólann til að skrá sig í dag.
报道	greina frá	Fréttirnar greindu frá þessu máli.
报告	skýrsla; erindi	Hann er að halda erindi.
报社	blaðaskrifstofa	Hún vinnur á blaðaskrifstofu.
抱怨	kvarta	Hann kvartar alltaf yfir of mikilli vinnu.
悲观	svartsýnn	Ekki vera of svartsýnn.
背	bak	Hann situr með bakið að dyrunum.
背景	bakgrunnur	Vinsamlegast kynntu bakgrunn þinn stuttlega.
被子	sæng	Sængin er mjög hlý.
本科	grunnnám	Hann er grunnnámsnemi.
本领	hæfni	Hann lærði nýja hæfni.
本质	eðli	Eðli vandans er mjög einfalt.
彼此	hvor annan	Við ættum að virða hvert annað.
比例	hlutfall	Hlutfall karla og kvenna er svipað.
必然	óhjákvæmilegur	Erfiði skilar óhjákvæmilega árangri.
必要	nauðsyn	Það er engin nauðsyn að hafa áhyggjur.
毕竟	þegar öllu er á botninn hvolft	Þegar öllu er á botninn hvolft er hann enn barn.
避免	forðast	Vinsamlegast forðastu að koma of seint.
编辑	ritstýra	Hann ber ábyrgð á að ritstýra þessari grein.
鞭炮	flugeldur	Á vorhátíðinni skjóta sumir upp flugeldum.
便	þá	Eftir að hafa borðað fór hann í tíma.
辩论	rökræða	Þeir eru að rökræða þessa spurningu.
标点	greinarmerki	Vinsamlegast gættu að greinarmerkjum.
标志	merki	Rautt ljós er merki um að stoppa.
表达	tjá	Hann tjáði sína skoðun.
表面	yfirborð	Yfirborð borðsins er mjög hreint.
表明	sýna	Niðurstaðan sýnir að hann hafði rétt fyrir sér.
表情	svipur	Svipur hennar er mjög alvarlegur.
表现	frammistaða	Hann stóð sig mjög vel í dag.
冰激凌	ís	Börnum finnst gott að borða ís.
病毒	veira	Þessi veira dreifist mjög hratt.
播放	spila	Vinsamlegast spilaðu þetta lag.
玻璃	gler	Glasið brotnaði.
博物馆	safn	Við förum á safn um helgina.
脖子	háls	Hálsinn á mér er svolítið aumur.
不断	stöðugt	Verð hækkar stöðugt.
不见得	ekki endilega	Þetta er ekki endilega slæmt.
不耐烦	óþolinmóður	Eftir að hafa beðið lengi varð hann svolítið óþolinmóður.
不要紧	skiptir ekki máli	Það er allt í lagi, það skiptir ekki máli.
补充	bæta við	Ég vil bæta einni skoðun við.
不安	órólegur	Eftir að hafa heyrt fréttina varð hún óróleg.
不得了	alvarlegur	Þetta mál er virkilega alvarlegt.
不然	annars	Flýttu þér af stað, annars kemurðu of seint.
不如	betra að	Frekar en að fara með farartæki er betra að ganga.
不足	ófullnægjandi	Það er ekki nóg vatn hér.
布	efni	Þetta efnisstykki er mjög mjúkt.
步骤	skref	Vinsamlegast fylgdu skrefunum.
部门	deild	Ég vinn í söludeildinni.
财产	eign	Þetta hús er eign hans.
彩虹	regnbogi	Regnbogi birtist eftir rigninguna.
踩	stíga á	Ekki stíga á grasið.
采访	taka viðtal	Blaðamaðurinn er að taka viðtal við lækni.
采取	grípa til	Við gripum til nýrrar aðferðar.
参考	hafa til hliðsjónar	Vinsamlegast hafðu þessa bók til hliðsjónar.
参与	taka þátt	Hann tekur virkan þátt í verkefnum.
惭愧	skömmustulegur	Ég skammast mín fyrir eigin mistök.
操场	íþróttavöllur	Nemendurnir hlaupa á íþróttavellinum.
操心	hafa áhyggjur	Ekki hafa áhyggjur af mér.
册	bindi	Ég keypti eina bók.
测验	próf	Það er lítið próf á morgun.
曾经	einu sinni	Ég bjó einu sinni í Peking.
叉子	gaffall	Ég borða salat með gaffli.
差距	bil	Það er bil milli borga og sveita.
插	setja	Vinsamlegast settu blómin í vasann.
拆	rífa niður	Verkamennirnir eru að rífa gamla húsið niður.
产品	vara	Þessi vara er mjög góð að gæðum.
产生	valda	Þetta mál hafði ný áhrif.
常识	almenn þekking	Þetta er almenn grunnþekking.
长途	langferð	Langferð er þreytandi.
抄	afrita	Vinsamlegast afritaðu ekki heimavinnu annarra.
超级	ofur-; stór	Þetta er stórmarkaður.
朝	konungsætt	Tang-konungsættin er mjög þekkt.
潮湿	rakur	Sumrin í suðri eru mjög rök.
吵	hávær	Það er mjög hávært úti.
吵架	rífast	Þau rifust aftur.
炒	steikja	Mamma er að steikja mat.
车库	bílskúr	Bíllinn er í bílskúrnum.
车厢	vagn	Þessi lestarvagn er mjög hljóðlátur.
彻底	rækilega	Hann skildi þetta rækilega.
沉默	þegja	Hann þagði allan tímann.
趁	meðan	Við skulum fara meðan það er ekki orðið dimmt.
称	vega	Vinsamlegast vigtaðu þennan pakka.
称呼	ávarpa	Ég veit ekki hvernig ég á að ávarpa hann.
称赞	hrósa	Kennarinn hrósaði framförum hans.
成分	innihaldsefni	Innihaldsefni þessa lyfs eru einföld.
成果	árangur	Þetta verkefni skilaði árangri.
成就	afrek	Hann hefur náð mörgum afrekum á ferlinum.
成立	stofna	Fyrirtækið var stofnað í fyrra.
成人	fullorðinn	Miði fyrir fullorðna er dýrari en barnamiði.
成熟	þroskaður	Eplin eru þegar þroskuð.
成语	orðtak	Þetta orðtak er oft notað.
成长	alast upp	Barnið er smám saman að alast upp.
承担	taka á sig	Hann er tilbúinn að taka á sig ábyrgð.
承认	viðurkenna	Hann viðurkenndi að hann hefði rangt fyrir sér.
承受	þola	Ég þoli ekki svona mikinn þrýsting.
程度	stig	Kínverskukunnátta hans er á háu stigi.
程序	ferli	Vinsamlegast afgreiddu þetta samkvæmt ferlinu.
诚恳	einlægur	Afstaða hans er mjög einlæg.
吃亏	tapa á einhverju	Skoðaðu vel áður en þú kaupir, svo þú tapir ekki á því.
持续	halda áfram	Rigningin hélt áfram í þrjá daga.
池塘	tjörn	Það eru margir fiskar í tjörninni.
迟早	fyrr eða síðar	Þú munt skilja þetta fyrr eða síðar.
尺子	reglustika	Vinsamlegast mældu þetta með reglustiku.
翅膀	vængur	Vængur fuglsins er særður.
充电器	hleðslutæki	Hleðslutækið mitt er bilað.
充分	nægilegur	Við undirbjuggum okkur nægilega vel.
充满	fullur af	Herbergið var fullt af hlátri.
冲	skola	Vinsamlegast skolaðu bollann með vatni.
重复	endurtaka	Vinsamlegast endurtaktu ekki sömu mistökin.
宠物	gæludýr	Hún á gæluhund.
抽屉	skúffa	Lykillinn er í skúffunni.
抽象	óhlutbundinn	Þetta hugtak er of óhlutbundið.
丑	ljótur	Þessi mynd er svolítið ljót.
臭	illa lyktandi	Sorpið lyktar illa.
出版	gefa út	Þessi bók kom út í fyrra.
出口	útgangur	Útgangurinn er fram undan.
出色	framúrskarandi	Frammistaða hennar er framúrskarandi.
出示	sýna	Vinsamlegast sýndu vegabréfið þitt.
出席	mæta	Hann mun mæta á fundinn.
初级	byrjendastig	Ég læri kínversku í byrjendahópi.
除非	nema	Nema það rigni förum við í fjallgöngu á morgun.
除夕	gamlárskvöld	Á gamlárskvöld borðar öll fjölskyldan saman.
处理	takast á við	Ég mun takast á við þetta vandamál.
传播	breiðast út	Þessi frétt breiddist mjög hratt út.
传染	smitast	Kvef smitast auðveldlega.
传说	goðsögn	Þetta er forn goðsögn.
传统	hefðbundinn	Vorhátíðin er hefðbundin kínversk hátíð.
窗帘	gardínur	Vinsamlegast dragðu gardínurnar frá.
闯	brjóta gegn	Hann fór óvart yfir á rauðu ljósi.
创造	skapa	Fólk skapaði ný verkfæri.
吹	blása	Vindurinn blæs mjög mikið.
词汇	orðaforði	Þetta orð er mjög algengt.
辞职	segja upp	Hann ákvað að segja upp starfinu.
此外	auk þess	Auk þess hef ég aðra spurningu.
刺激	spennandi	Þessi leikur er mjög spennandi.
次要	aukalegur	Þetta vandamál er aukaatriði.
匆忙	í flýti	Hann fór að heiman í flýti.
从此	upp frá því	Upp frá því æfði hann á hverjum degi.
从而	þannig	Hann lærði af kappi og náði þannig prófinu.
从前	áður	Áður var engin neðanjarðarlest hér.
从事	starfa við	Hún starfar við menntun.
粗糙	grófur	Þetta pappírsblað er mjög gróft.
促进	efla	Hreyfing getur eflt heilsuna.
促使	hvetja til	Þetta varð til þess að hann breytti áætluninni.
醋	edik	Ediki var bætt í réttinn.
催	reka á	Mamma rak á eftir mér að fara fljótt út.
存在	vera til	Þetta vandamál er enn til staðar.
措施	ráðstöfun	Skólinn gerði öryggisráðstafanir.
答应	samþykkja	Hann samþykkti að hjálpa mér.
达到	ná	Einkunnir hans náðu viðmiðinu.
打工	vinna hlutastarf	Hann vinnur hlutastarf á veitingastað í sumarfríinu.
打交道	eiga samskipti við	Ég á oft samskipti við viðskiptavini.
打喷嚏	hnerra	Hann er kvefaður og hnerrar stöðugt.
打听	spyrjast fyrir	Ég vil spyrjast fyrir um lestarmiða.
大方	örlátur	Hún er örlát þegar hún eyðir peningum.
大厦	stór bygging	Þessi stóra bygging er mjög há.
大象	fíll	Börnin horfa á fíla í dýragarðinum.
大型	stór	Hér á að byggja stóra verslunarmiðstöð.
呆	dvelja	Hann dvelur heima og les.
代表	tákna	Þetta blóm táknar vináttu.
代替	koma í staðinn fyrir	Í dag mæti ég á fundinn í hans stað.
待遇	kjör	Kjörin hjá þessu fyrirtæki eru góð.
贷款	lán	Þau sóttu um húsnæðislán.
单纯	einfaldur	Hugmynd hennar er mjög einföld.
单调	einhæfur	Þetta starf er svolítið einhæft.
单独	einn	Ég vil tala við þig einslega.
单位	stofnun	Hann vinnur hjá opinberri stofnun.
单元	kafli	Í dag lærum við þriðja kaflann.
担任	gegna	Hún gegnir ábyrgðarhlutverki í þessum viðburði.
耽误	sóa	Ekki sóa tíma allra.
胆小鬼	hugleysingi	Ekki kalla hann hugleysingja.
淡	bragðdaufur	Þessi súpa er svolítið bragðdauf.
当地	staðbundinn	Staðarbúar kunna allir vel við þennan markað.
当心	passa sig	Vegurinn er háll, passaðu þig.
挡	hindra	Þessi bíll hindrar innganginn.
倒霉	óheppinn	Í dag er ég virkilega óheppinn, ég týndi símanum.
导演	leikstjóri	Þessi leikstjóri er mjög frægur.
导致	valda	Mikil rigning olli umferðarteppu.
岛屿	eyja	Þetta land hefur margar eyjar.
到达	koma	Lestin kom til Shanghai á réttum tíma.
道德	siðferði	Maður ætti að hafa siðferðisreglur.
道理	rök	Það sem hann sagði er mjög rökrétt.
登记	skrá sig	Vinsamlegast skráðu þig fyrst í móttökunni.
等待	bíða	Við bíðum eftir niðurstöðunni.
等于	jafngilda	Fimm plús fimm jafngildir tíu.
滴	dropi	Einn vatnsdropi féll á borðið.
敌人	óvinur	Þau eru ekki óvinir.
的确	sannarlega	Þetta mál er sannarlega mjög mikilvægt.
地道	ekta	Hann talar ekta Peking-mállýsku.
地理	landafræði	Ég hef mikinn áhuga á landafræði Kína.
地区	svæði	Þetta svæði er mjög kalt á veturna.
地毯	teppi	Það liggur teppi í stofunni.
地位	staða	Menntun hefur mikilvæga stöðu í samfélaginu.
地震	jarðskjálfti	Hér varð jarðskjálfti í gærkvöldi.
递	rétta	Vinsamlegast réttu kennaranum þetta bréf.
点心	snarl	Síðdegis borðuðum við snarl.
电池	rafhlaða	Þetta leikfang þarf tvær rafhlöður.
电台	útvarpsstöð	Hann sér um þátt á útvarpsstöð.
钓	veiða	Afi finnst gaman að veiða við ána.
顶	talningarorð fyrir hatta	Hann er með svartan hatt.
冻	frjósa	Það er svo kalt úti að vatnið fraus.
动画片	teiknimynd	Börnin eru að horfa á teiknimyndir.
洞	gat	Það er lítið gat á veggnum.
豆腐	tófú	Þessi tófúréttur er mjög góður.
逗	fá til að hlæja	Orð hans fengu alla til að hlæja.
独立	sjálfstæður	Hún vill lifa sjálfstæðu lífi.
独特	einstakur	Þessi borg hefur einstaka menningu.
度过	eyða	Við eyddum fríinu við sjóinn.
断	brotna	Þetta reipi slitnaði.
堆	hrúgast	Mörg skjöl liggja í hrúgu á borðinu.
兑换	skipta	Ég vil skipta peningum í renminbi.
对比	bera saman	Vinsamlegast berðu þessar tvær áætlanir saman.
对待	meðhöndla	Við ættum að koma sanngjarnt fram við alla.
对方	hinn aðilinn	Vinsamlegast hlustaðu fyrst á skoðun hins aðilans.
对手	andstæðingur	Andstæðingur hans er mjög sterkur.
对象	viðfangsefni	Viðfangsefni rannsóknarinnar eru háskólanemar.
吨	tonn	Þessi vörubíll getur flutt þrjú tonn af vörum.
蹲	húka	Hann húkir á jörðinni og leitar að lyklunum.
顿	máltíð	Við borðuðum kvöldmat saman.
多亏	þökk sé	Þökk sé hjálp þinni gat ég lokið verkefninu.
多余	óþarfur	Þessi setning er óþörf.
朵	talningarorð fyrir blóm	Það er eitt blóm á borðinu.
躲藏	fela sig	Kettlingurinn felur sig undir rúminu.
恶劣	slæmur	Veðrið í dag er mjög slæmt.
耳环	eyrnalokkur	Hún er með eyrnalokka.
发表	tjá	Hann tjáði skoðun sína á fundinum.
发愁	hafa áhyggjur	Ekki hafa áhyggjur af þessu smámáli.
发达	þróaður	Samgöngur í þessari borg eru vel þróaðar.
发抖	skjálfa	Hann skalf stöðugt af kulda.
发挥	nota	Vinsamlegast notið ímyndunaraflið ykkar.
发明	uppfinning	Rafljósið er mikilvæg uppfinning.
发票	reikningur	Vinsamlegast gefðu mér reikning.
发言	taka til máls	Hann tók til máls á fundinum.
罚款	sekt	Ólögleg bílastöðun varðar sekt.
法院	dómstóll	Þetta mál var sent til dómstólsins.
翻	fletta	Vinsamlegast flettu bókinni á blaðsíðu tíu.
繁荣	blómstra	Efnahagslífið er smám saman að blómstra.
反而	þvert á móti	Hann varð ekki reiður, heldur hló þvert á móti.
反复	ítrekað	Þessa setningu þarf að æfa ítrekað.
反应	viðbragð	Viðbragð hans er fljótt.
反映	endurspegla	Þessi skýrsla endurspeglar raunverulega stöðu.
反正	allavega	Allavega hef ég tíma á morgun.
范围	svið	Vinsamlegast farðu ekki út fyrir þetta svið.
方	ferningur	Vinsamlegast teiknaðu ferning á blaðið.
方案	áætlun	Þessi áætlun er nokkuð skynsamleg.
方式	aðferð	Þessi námsaðferð er mjög áhrifarík.
妨碍	trufla	Vinsamlegast truflaðu ekki vinnu annarra.
仿佛	virðast	Hann virðist vita allt.
非	verða að	Þetta verður ekki gert án þín.
肥皂	sápa	Notaðu sápu þegar þú þværð hendurnar.
废话	vitleysa	Hættu að tala vitleysu og byrjaðu fljótt.
分别	kveðjast	Þau kvöddust á stöðinni.
分布	dreifast	Þessar verslanir dreifast um alla borgina.
分配	úthluta	Kennarinn úthlutaði nýju verkefni.
分手	hætta saman	Þau hættu saman í fyrra.
分析	greina	Við þurfum að greina ástæðurnar.
纷纷	hver á eftir öðrum	Allir lýstu samþykki hver á eftir öðrum.
奋斗	berjast	Ungt fólk ætti að berjast fyrir draumum sínum.
疯狂	brjálaður	Aðdáendurnir fögnuðu ákaflega.
风格	stíll	Stíll þessa veitingastaðar er mjög sérstakur.
风景	landslag	Landslagið á fjallinu er fallegt.
风俗	siður	Hver staður hefur sína siði.
风险	áhætta	Fjárfesting felur í sér ákveðna áhættu.
讽刺	hæða	Þessi grein hæddi samfélagsvandamál.
否定	neita	Hann neitaði þessari fullyrðingu.
否认	neita	Hann neitaði að hafa gert mistök.
幅	talningarorð fyrir myndir	Það hangir málverk á veggnum.
扶	styðja	Vinsamlegast hjálpaðu eldra fólkinu yfir götuna.
服装	fatnaður	Þessi búð selur barnaföt.
辅导	leiðbeina	Kennarinn leiðbeinir nemendum eftir tíma.
复制	afrita	Vinsamlegast afritaðu þetta skjal.
妇女	konur	Þetta sjúkrahús veitir konum þjónustu.
改革	umbætur	Skólinn er að gera umbætur í kennslu.
改进	bæta	Við þurfum að bæta þjónustugæði.
改善	bæta	Hreyfing getur bætt svefn.
改正	leiðrétta	Vinsamlegast leiðréttu mistök tímanlega.
概括	draga saman	Vinsamlegast dragðu efni greinarinnar saman.
概念	hugtak	Þetta hugtak er ekki mjög auðvelt að skilja.
盖	loka	Vinsamlegast lokaðu bollanum vel.
干脆	einfaldlega	Þú skalt einfaldlega ekki fara í dag.
干燥	þurr	Veturinn í norðri er mjög þurr.
感激	þakklátur	Ég er mjög þakklátur fyrir hjálp þína.
感受	tilfinning	Ég skil tilfinningar þínar.
感想	hugleiðing	Vinsamlegast segðu frá hugleiðingum þínum.
赶紧	flýta sér	Það er orðið seint, flýttu þér af stað.
赶快	fljótt	Lokaðu dyrunum fljótt.
干活儿	vinna	Hann er að vinna í garðinum.
钢铁	stál	Þessi brú er úr stáli.
高档	lúxus	Þetta er lúxushótel.
高级	framhaldsstig; háþróaður	Hún fór í framhaldsnámskeið í kínversku.
搞	skipuleggja	Hvers konar viðburð ertu að skipuleggja?
告别	kveðja	Við kvöddum vin okkar á flugvellinum.
格外	sérstaklega	Himinninn er sérstaklega blár í dag.
隔壁	næsta hús	Í næsta húsi býr kennari.
个别	einstakur	Nokkrir einstakir nemendur hafa ekki skilað heimavinnunni enn.
个人	persónulegur	Þetta er mín persónulega skoðun.
个性	persónuleiki	Hún hefur mikinn persónuleika.
各自	hver fyrir sig	Allir ljúka sínu verkefni hver fyrir sig.
根	talningarorð fyrir langa mjóa hluti	Það er vír undir borðinu.
根本	alls ekki	Þetta vandamál er alls ekki erfitt.
公布	tilkynna	Skólinn tilkynnti prófniðurstöðurnar.
公开	opinber	Þessi fundur er opinber.
公平	sanngjarn	Keppnin ætti að vera sanngjörn.
公寓	íbúð	Hún leigði litla íbúð.
公元	eftir Krist	Í ár er árið 2026 eftir Krist.
公主	prinsessa	Litla stúlkan hefur gaman af prinsessusögum.
功能	virkni	Þetta forrit hefur marga eiginleika.
工厂	verksmiðja	Þessi verksmiðja framleiðir bíla.
工程师	verkfræðingur	Eldri bróðir minn er verkfræðingur.
工具	verkfæri	Það þarf verkfæri til að gera við reiðhjól.
工人	verkamaður	Verkamennirnir eru að gera við veginn.
工业	iðnaður	Þessi borg byggist aðallega á iðnaði.
恭喜	til hamingju	Til hamingju með að hafa staðist prófið.
贡献	framlag	Hann lagði sitt af mörkum til fyrirtækisins.
沟通	samskipti	Góð samskipti eru mjög mikilvæg.
构成	mynda	Þessir hlutar mynda heild.
姑姑	föðursystir	Ég ætla að heimsækja föðursystur mína um helgina.
姑娘	ung kona	Þessi unga kona er mjög hjálpsöm.
古代	fornöld	Í fornöld voru engir farsímar.
古典	klassískur	Ég hef gaman af klassískri tónlist.
股票	hlutabréf	Hann keypti nokkur hlutabréf.
骨头	bein	Þetta bein er mjög hart.
鼓舞	hvetja	Þessi frétt er mjög hvetjandi.
鼓掌	klappa	Áhorfendur klöppuðu fyrir leikurunum.
固定	fastur	Ég hef fastan vinnutíma.
挂号	skrá sig	Áður en maður hittir lækni þarf að skrá sig.
乖	þægur	Þetta barn er mjög þægt.
拐弯	beygja	Beygðu til hægri á gatnamótunum fram undan.
怪不得	engin furða	Engin furða að þú sért svona þreyttur.
关闭	slökkva	Vinsamlegast slökktu á tölvunni áður en þú ferð.
官	embættismaður	Hann er ungur embættismaður.
观察	fylgjast með	Læknirinn fylgist með ástandi sjúklingsins.
观点	sjónarmið	Ég er sammála sjónarmiði þínu.
观念	hugmynd	Hugmyndir ungs fólks eru að breytast.
管子	rör	Þetta rör lekur vatni.
冠军	meistari	Hún varð meistari í keppninni.
光滑	slétur	Yfirborð þessa borðs er mjög slétt.
光临	heimsækja	Verið velkomin að koma aftur næst.
光明	bjartur	Framtíðin er björt.
光盘	diskur	Vinsamlegast vistaðu gögnin á diskinn.
广场	torg	Það er margt fólk á torginu.
广大	fjölmennur; víðtækur	Þessar fréttir nutu vinsælda meðal margra nemenda.
广泛	víðtækur	Þessi bók hefur víðtæk áhrif.
归纳	draga saman	Kennarinn hjálpaði okkur að draga aðalatriðin saman.
规矩	regla	Börn þurfa að kunna reglurnar.
规律	reglulegur	Lífið þarf að hafa reglulegan takt.
规模	umfang	Þetta fyrirtæki er mjög stórt að umfangi.
规则	regla	Keppnisreglurnar eru mjög skýrar.
柜台	afgreiðsluborð	Vinsamlegast greiddu við afgreiðsluborðið.
滚	sjóða	Vatnið er þegar farið að sjóða.
锅	pottur	Það er heit súpa í pottinum.
国庆节	þjóðhátíðardagur	Á þjóðhátíðardaginn fáum við frí.
国王	konungur	Konungurinn býr í höllinni.
果然	eins og búist var við	Hann kom á réttum tíma eins og búist var við.
果实	ávöxtur	Tréð er fullt af ávöxtum.
过分	óhóflegur	Krafa hans er svolítið óhófleg.
过敏	ofnæmi	Ég er með ofnæmi fyrir frjókornum.
过期	útrunninn	Þessi mjólkurflaska er þegar útrunnin.
哈	ha	Ha, ég skil þetta loksins.
海关	tollur	Við biðum í röð í tollinum til skoðunar.
海鲜	sjávarfang	Sjávarfangið á þessum veitingastað er mjög ferskt.
喊	hrópa	Ekki hrópa hátt í kennslustofunni.
行业	atvinnugrein	Ferðaþjónustan þróast hratt.
豪华	glæsilegur; lúxus	Þau dvelja á lúxushóteli.
好客	gestrisinn	Heimamenn eru mjög gestrisnir.
好奇	forvitinn	Börn eru mjög forvitin um heiminn.
何必	til hvers	Til hvers að reiðast yfir smámáli?
何况	auk þess; hvað þá	Það er kalt í dag og auk þess rignir.
合法	löglegur	Þessi samningur er löglegur.
合理	sanngjarn	Þetta verð er mjög sanngjarnt.
合同	samningur	Þau skrifuðu undir samning.
合影	hópmynd	Við tókum hópmynd við útskriftina.
合作	samstarf	Við kláruðum verkefnið með samstarfi.
和平	friður	Allir óska sér friðar.
核心	kjarni	Traust er kjarni samstarfs.
恨	sjá eftir	Hann sér eftir að hafa ekki lagt sig fyrr fram.
猴子	api	Það eru nokkrir apar í dýragarðinum.
后背	bak	Hann er svolítið aumur í bakinu.
后果	afleiðing	Þú þarft að hugsa um afleiðingarnar.
呼吸	anda	Vinsamlegast andaðu djúpt.
忽然	skyndilega	Himinninn dimmdi skyndilega.
忽视	hunsa	Ekki hunsa þetta vandamál.
壶	kanna	Það er tekanna á borðinu.
糊涂	ruglaður	Ég er svolítið ruglaður í dag.
胡说	tala vitleysu	Ekki tala vitleysu, þetta er ekki satt.
胡同	hutong; gömul gata	Í Peking eru margar gamlar hutong-götur.
蝴蝶	fiðrildi	Það er fiðrildi í garðinum.
花生	jarðhneta	Honum finnst gott að borða jarðhnetur.
华裔	af kínverskum uppruna	Hún er rithöfundur af kínverskum uppruna.
滑	háll	Gólfið er hált, farðu varlega.
划	róa	Þegar hann fer með báti sér hann um að róa.
化学	efnafræði	Hún lærði efnafræði í háskóla.
话题	umræðuefni	Þetta umræðuefni er mjög áhugavert.
怀念	sakna	Ég sakna háskólalífsins mjög mikið.
怀孕	ólétt	Hún er komin þrjá mánuði á leið.
缓解	draga úr	Hvíld getur dregið úr streitu.
幻想	ímynda sér	Hann ímyndar sér oft að ferðast út í geim.
慌张	fara í uppnám	Ekki fara í uppnám þegar þú lendir í vandamáli.
黄金	gull	Verð á gulli hefur hækkað aftur.
恢复	jafna sig	Líkami hans er að jafna sig.
挥	veifa	Hún veifaði hendinni.
灰	grár	Himinninn er grár.
灰尘	ryk	Það er mikið ryk á borðinu.
灰心	missa kjark	Ekki missa kjarkinn þótt þér mistakist.
汇率	gengi	Hvert er gengið í dag?
婚礼	brúðkaup	Brúðkaup þeirra var mjög einfalt.
婚姻	hjónaband	Hjónaband krefst gagnkvæms skilnings.
活跃	virkur	Hann er mjög virkur í kennslustundum.
伙伴	félagi	Hann er besti félagi minn.
火柴	eldspýta	Það er aðeins ein eldspýta eftir í kassanum.
或许	kannski	Kannski rignir á morgun.
基本	grunnur; grundvallar	Þetta eru grunnkröfur.
机器	vél	Þessi vél er biluð.
激烈	harður	Keppnin var mjög hörð.
肌肉	vöðvi	Vöðvarnir eru svolítið aumir eftir æfingu.
及格	ná prófi	Hann náði þessu prófi.
急忙	í flýti	Hann hljóp í flýti út úr kennslustofunni.
急诊	bráðamóttaka	Sjúklingurinn var sendur á bráðamóttöku.
极其	afar	Þetta mál er afar mikilvægt.
集合	safnast saman	Vinsamlegast safnist saman við innganginn klukkan átta.
集体	hópur	Þetta er hópviðburður.
集中	einbeita sér	Í tíma þarf maður að einbeita sér.
寂寞	einmana	Að búa einn getur stundum verið einmanalegt.
系领带	binda bindi	Hann bindur bindi á hverjum degi áður en hann fer í vinnu.
纪录	met	Hann sló skólametið.
纪律	agi	Agi í kennslustofunni er mjög mikilvægur.
纪念	minnast	Við tókum myndir til að minnast þessa dags.
计算	reikna	Vinsamlegast reiknaðu heildarkostnaðinn.
记录	skrá	Vinsamlegast skráðu efni fundarins.
记忆	minning	Þessi minning er mjög dýrmæt.
嘉宾	gestur	Gestur dagsins er rithöfundur.
夹子	klemma	Vinsamlegast haltu skjölunum saman með klemmu.
家庭	fjölskylda	Fjölskylda er mjög mikilvæg fyrir börn.
家务	heimilisstörf	Um helgina þarf ég að vinna heimilisstörf.
家乡	heimabær	Ég sakna heimabæjar míns mjög mikið.
假如	ef	Ef það rignir á morgun förum við ekki.
假设	gera ráð fyrir	Gerum ráð fyrir að þú sért kennari, hvað myndirðu gera?
假装	þykjast	Hann þóttist ekki hafa heyrt.
甲	aðili A	Aðili A þarf að greiða á réttum tíma.
价值	gildi; verðmæti	Þessi bók hefur mikið gildi.
嫁	giftast	Hún ætlar að giftast kærastanum sínum á næsta ári.
驾驶	aka	Aktu varlega þegar þú keyrir bíl.
兼职	hlutastarf	Hann vinnur hlutastarf á kvöldin.
坚决	ákveðinn	Hann er ákveðið ósammála þessari ákvörðun.
坚强	sterkur	Hún er sterk manneskja.
肩膀	öxl	Öxlin á honum er meidd.
艰巨	erfiður	Þetta er erfitt verkefni.
艰苦	erfiður	Þau gengu í gegnum erfitt líf.
剪刀	skæri	Vinsamlegast réttu mér skærin.
捡	taka upp	Hann tók upp veskið af jörðinni.
简历	ferilskrá	Áður en sótt er um starf þarf að undirbúa ferilskrá.
简直	einfaldlega	Þessar fréttir eru einfaldlega sláandi.
健身	rækt	Hann fer í ræktina þrisvar í viku.
建立	koma á	Við komum á nýju sambandi.
建设	uppbygging	Uppbygging borgarinnar þróast hratt.
建筑	bygging	Þessi bygging er mjög sérstök.
键盘	lyklaborð	Lyklaborðið mitt þarf að þrífa.
讲究	leggja áherslu á	Kínverjar leggja mikla áherslu á mat.
讲座	fyrirlestur	Í kvöld er fyrirlestur um kínversku.
酱油	sojasósa	Bættu smá sojasósu í réttinn.
交换	skipta	Við skiptumst á símanúmerum.
交际	samskipti	Þegar maður lærir tungumál þarf líka að æfa samskipti.
交往	vera saman	Þau hafa verið saman í tvö ár.
浇	vökva	Vinsamlegast vökvaðu blómin á hverjum degi.
胶水	lím	Ég notaði lím til að festa myndina.
狡猾	slóttugur	Refurinn er mjög slóttugur.
角度	sjónarhorn	Við skulum skoða vandamálið frá öðru sjónarhorni.
教材	kennslubók	Þessi kennslubók er mjög hagnýt.
教练	þjálfari	Þjálfarinn krefst þess að við mætum á réttum tíma.
教训	lærdómur	Þessi mistök voru lærdómur.
接触	snerting; kynnast	Þetta er í fyrsta sinn sem ég kynnist kínverskri menningu.
接待	taka á móti	Fyrirtækið útvegaði sérstakan starfsmann til að taka á móti gestunum.
接近	nálgast	Vorhátíðin nálgast sífellt.
结实	sterkbyggður	Þessi ferðataska er mjög sterkbyggð.
阶段	stig	Náminu er skipt í þrjú stig.
结构	bygging	Þessi grein hefur skýra byggingu.
结合	sameina	Nám ætti að sameinast æfingu.
结论	niðurstaða	Niðurstaða hans er mjög sannfærandi.
结账	gera upp	Eftir matinn fórum við að gera upp.
节省	spara	Að taka neðanjarðarlestina getur sparað tíma.
借口	afsökun	Ekki finna fleiri afsakanir.
届	skipti; mót	Þetta er þriðja keppnin.
戒	hætta	Læknirinn ráðlagði honum að hætta að reykja.
戒指	hringur	Hún er með hring.
金属	málmur	Járn er tegund af málmi.
尽快	eins fljótt og hægt er	Vinsamlegast svaraðu tölvupóstinum eins fljótt og hægt er.
紧急	bráð; aðkallandi	Þetta er neyðarástand.
谨慎	varfærinn	Maður þarf að vera varfærinn áður en fjárfest er.
尽力	gera sitt besta	Ég mun gera mitt besta til að hjálpa þér.
尽量	reyna eftir fremsta megni	Vinsamlegast reyndu að koma eins snemma og hægt er.
近代	nútími	Í nútíma Kína urðu miklar breytingar.
进步	taka framförum	Kínverskan hans tekur hröðum framförum.
进口	innfluttur	Þessi bíll er innfluttur.
精力	orka	Börnin hafa mikla orku.
精神	andi; líðan	Hann er í góðu skapi í dag.
经典	klassískur	Þetta er klassísk kvikmynd.
经商	stunda viðskipti	Faðir hans stundar viðskipti erlendis.
经营	reka	Hún rekur litla verslun.
酒吧	bar	Um kvöldið fóru þau á bar.
救	bjarga	Læknirinn bjargaði lífi hans.
救护车	sjúkrabíll	Sjúkrabíllinn kom fljótt.
舅舅	móðurbróðir	Móðurbróðir minn býr í Nanjing.
居然	óvænt; meira að segja	Hann gleymdi óvænt eigin afmælisdegi.
桔子	mandarína	Það eru nokkrar mandarínur á borðinu.
俱乐部	klúbbur	Hún gekk í sundklúbbinn.
具备	hafa	Hann hefur reynslu af stjórnun.
具体	nákvæmur	Vinsamlegast talaðu aðeins nákvæmar.
巨大	gríðarlegur	Þetta verkefni krefst gríðarlegrar fjárfestingar.
据说	sagt er	Sagt er að hann sé þegar farinn aftur til heimalands síns.
捐	gefa	Allir eru tilbúnir að gefa peninga.
决赛	úrslitaleikur	Á morgun er úrslitaleikur í fótbolta.
决心	ákveðni	Hann tók þá ákvörðun að læra kínversku vel.
绝对	algjörlega	Þetta má algjörlega ekki gleymast.
角色	hlutverk	Hún leikur mikilvægt hlutverk í kvikmyndinni.
军事	hernaðarmál	Hann hefur mikinn áhuga á hernaðarsögu.
均匀	jafn	Vinsamlegast berðu litinn jafnt á.
卡车	vörubíll	Vörubíll stendur við innganginn.
开发	þróa	Fyrirtækið er að þróa nýja vöru.
开放	opna	Garðurinn opnar klukkan sex á hverjum morgni.
开幕式	opnunarathöfn	Opnunarathöfnin verður haldin annað kvöld.
开水	soðið vatn	Vinsamlegast gefðu mér glas af soðnu vatni.
砍	höggva	Verkamaðurinn er að höggva greinar.
看不起	líta niður á	Ekki líta niður á neinn.
看望	heimsækja	Um helgina heimsæki ég afa og ömmu.
靠	halla sér	Hann hallar sér upp að veggnum og hvílir sig.
颗	talningarorð fyrir smáa hringlaga hluti	Það er ein stjarna á næturhimninum.
可见	það sést	Það sést að þessi aðferð er mjög áhrifarík.
可靠	áreiðanlegur	Hann er áreiðanlegur vinur.
可怕	hræðilegur	Þessi draumur var of hræðilegur.
克	gramm	Vinsamlegast bættu við tveimur grömmum af salti.
克服	yfirstíga	Við þurfum að yfirstíga erfiðleika.
刻苦	duglegur	Hann lærir mjög duglega.
客观	hlutlægur	Vinsamlegast greindu vandamálið hlutlægt.
课程	námskeið	Þetta námskeið er mjög gagnlegt.
空间	rými	Þetta herbergi hefur mikið rými.
控制	stjórna	Ökumaðurinn náði stjórn á hraða bílsins.
空闲	frítími	Hefurðu frítíma síðdegis á morgun?
口味	bragð	Hann kýs fremur mildan mat.
夸	hrósa	Kennarinn hrósaði honum fyrir miklar framfarir.
夸张	ýktur	Svipur hans er svolítið ýktur.
会计	bókari	Hún vinnur sem bókari hjá fyrirtækinu.
宽	breiður	Þessi vegur er mjög breiður.
昆虫	skordýr	Börnin eru að fylgjast með skordýrum.
扩大	stækka	Skólinn ætlar að stækka bókasafnið.
辣椒	chilipipar	Það var sett mikið af chilipipar í réttinn.
拦	stöðva	Lögreglan stöðvaði bíl.
烂	rotinn	Þetta epli er þegar orðið rotið.
朗读	lesa upp	Vinsamlegast lestu textann upphátt.
劳动	vinna	Vinna lætur fólki finnast lífið innihaldsríkt.
劳驾	afsakið	Afsakið, hvar er neðanjarðarlestarstöðin?
姥姥	amma móðurmegin	Amma mín móðurmegin eldar mjög góðan mat.
老百姓	almenningur	Almenningur hefur áhyggjur af framfærslukostnaði.
老板	yfirmaður	Yfirmaðurinn er ekki á skrifstofunni í dag.
老婆	eiginkona	Hann keypti blóm handa eiginkonu sinni.
老实	heiðarlegur	Hann er heiðarlegur maður.
老鼠	mús	Það er mús í eldhúsinu.
乐观	bjartsýnn	Hún er bjartsýn á framtíðina.
雷	þruma	Þruman í gærkvöldi var mjög hávær.
类型	tegund	Hvaða tegund er þessi kvikmynd?
冷淡	kaldur	Afstaða hans er svolítið köld.
厘米	sentimetri	Þessi penni er fimmtán sentimetrar að lengd.
梨	pera	Ég keypti nokkrar perur.
离婚	skilja	Þau skildu í fyrra.
理论	kenning	Þessi kenning er mjög flókin.
理由	ástæða	Hvaða ástæðu hefurðu fyrir því að koma of seint?
利润	hagnaður	Hagnaður fyrirtækisins jókst í ár.
利息	vextir	Vextir bankans eru ekki háir.
利益	hagsmunir	Við þurfum að vernda hagsmuni allra.
利用	nota	Hann notar helgina til að læra kínversku.
力量	kraftur	Samstaða er kraftur.
立即	strax	Vinsamlegast farðu héðan strax.
立刻	strax	Eftir að hafa heyrt fréttirnar lagði hann strax af stað.
联合	sameiginlegur	Fyrirtækin tvö þróuðu vöruna sameiginlega.
连忙	fljótt	Þegar hann heyrði símann hringja svaraði hann fljótt.
连续	samfellt	Hann vann samfellt í tíu klukkustundir.
恋爱	ástarsamband	Þau eru í ástarsambandi.
粮食	korn; matvæli	Kornuppskeran jókst í ár.
良好	góður	Hann hefur góðar námsvenjur.
亮	bjartur	Ljósið í herberginu er mjög bjart.
了不起	merkilegur	Hún náði merkilegum árangri.
列车	lest	Lestin fer alveg að leggja af stað.
临时	tímabundinn	Þetta er tímabundin ákvörðun.
灵活	sveigjanlegur	Námsaðferðir þurfa að vera sveigjanlegar.
铃	bjalla	Bjallan fyrir kennslustundina hringdi.
零件	hluti; varahlutur	Það vantar einn hluta í vélina.
零食	snarl	Börnum finnst gott að borða snarl.
领导	leiðtogi	Yfirmaðurinn er á fundi.
领域	svið	Hún starfar á sviði menntunar.
流传	ganga manna á milli	Þessi saga hefur gengið manna á milli í langan tíma.
流泪	gráta	Eftir að hafa heyrt fréttina grét hún.
浏览	skoða	Ég ætla fyrst að skoða vefsíðuna.
龙	dreki	Í kínverskri menningu eru drekar.
漏	leka	Þakið lekur þegar rignir.
录取	taka inn	Hann var tekinn inn í háskólann.
录音	upptaka	Vinsamlegast byrjaðu upptökuna.
陆地	land	Sjávarskjaldbakan skreið upp á land.
陆续	hver á eftir öðrum	Gestirnir komu hver á eftir öðrum.
轮流	skiptast á	Við skiptumst á að þrífa kennslustofuna.
论文	ritgerð	Hún er að skrifa útskriftarritgerðina sína.
逻辑	rökfræði	Rökfræði hans er mjög skýr.
落后	dragast aftur úr	Við megum ekki dragast aftur úr öðrum.
骂	skamma	Vinsamlegast ekki skamma barnið.
麦克风	hljóðnemi	Vinsamlegast réttu honum hljóðnemann.
馒头	gufusoðið brauð	Ég borðaði eitt gufusoðið brauð í morgunmat.
满足	uppfylla	Þetta svar uppfyllir ekki kröfurnar.
毛病	vandamál	Það er lítið vandamál með þessa tölvu.
矛盾	ágreiningur	Það er nokkur ágreiningur á milli þeirra.
冒险	áhættusamur	Að fara þangað einn er of áhættusamt.
贸易	verslun	Alþjóðaviðskipti þróast hratt.
媒体	fjölmiðlar	Fjölmiðlar greindu frá þessu máli.
煤炭	kol	Þetta svæði framleiðir kol.
眉毛	augabrún	Augabrúnir hennar eru þykkar.
美术	myndlist	Yngri systur minni finnst myndlist skemmtileg.
魅力	aðdráttarafl	Þessi borg hefur mikið aðdráttarafl.
梦想	draumur	Draumur hans er að verða læknir.
密切	náinn	Við höldum nánu sambandi.
秘密	leyndarmál	Þetta er leyndarmálið okkar.
秘书	ritari	Ritarinn skipulagði fundartímann.
蜜蜂	býfluga	Það eru margar býflugur meðal blómanna.
面对	takast á við	Við eigum að takast á við erfiðleika af hugrekki.
面积	flatarmál	Flatarmál þessa herbergis er ekki mikið.
面临	standa frammi fyrir	Fyrirtækið stendur frammi fyrir nýjum áskorunum.
描写	lýsa	Höfundurinn lýsti sveitalífi.
苗条	grannur	Hún er grannvaxin.
敏感	viðkvæmur	Þetta umræðuefni er fremur viðkvæmt.
名牌	þekkt vörumerki	Hann keypti úr frá þekktu vörumerki.
名片	nafnspjald	Vinsamlegast gefðu mér nafnspjald.
名胜古迹	sögufrægur staður	Í Peking eru margir sögufrægir staðir og fallegir ferðamannastaðir.
明确	skýr	Kennarinn útskýrði kröfurnar skýrt.
明显	augljós	Framfarir hans eru augljósar.
明星	kvikmyndastjarna	Hún vill verða kvikmyndastjarna.
命令	skipun	Hermenn verða að hlýða skipunum.
命运	örlög	Hann trúir því að hægt sé að breyta örlögunum.
摸	snerta	Vinsamlegast ekki snerta þetta málverk.
摩托车	mótorhjól	Hann fer á mótorhjóli í vinnuna.
模仿	herma eftir	Börnum finnst gaman að herma eftir tali fullorðinna.
模糊	óskýr	Þessi mynd er svolítið óskýr.
模特	fyrirsæta	Hún er fatafyrirsæta.
陌生	framandi	Þessi borg er mér mjög framandi.
某	einhver	Einhver kennari hringdi í mig.
木头	viður	Þetta borð er úr viði.
目标	markmið	Markmið mitt er að standast prófið.
目录	efnisyfirlit	Vinsamlegast skoðaðu fyrst efnisyfirlitið fremst í bókinni.
目前	sem stendur	Staðan er nokkuð stöðug sem stendur.
哪怕	jafnvel þótt	Jafnvel þótt hann sé upptekinn heldur hann áfram að læra.
难怪	engin furða	Engin furða að þú sért svona glaður í dag.
难免	erfitt að komast hjá	Í fyrsta sinn er erfitt að komast hjá mistökum.
脑袋	haus	Hann er svolítið aumur í hausnum.
内部	innri	Þetta eru innri gögn fyrirtækisins.
内科	lyflækningar	Hann fer til lyflæknis í dag.
嫩	meyr	Þetta kjötstykki er mjög meyrt.
能干	hæfur	Hún er mjög hæf manneskja.
能源	orka	Sólarorka er hrein orka.
嗯	mm	Mm, ég skil.
年代	áratugur	Þessi mynd var tekin á níunda áratugnum.
年纪	aldur	Hann er ekki gamall, en hefur mikla reynslu.
念	lesa	Vinsamlegast lestu textann einu sinni.
宁可	frekar vilja	Ég vil frekar ganga en bíða eftir strætó.
牛仔裤	gallabuxur	Hann er í gallabuxum.
农村	sveit	Hún ólst upp í sveit.
农民	bóndi	Bændurnir eru að vinna á akrinum.
农业	landbúnaður	Landbúnaður er mjög mikilvægur fyrir þetta svæði.
浓	sterkur	Þessi kaffibolli er of sterkur.
女士	kona	Konan bíður eftir strætó.
欧洲	Evrópa	Hann fer í ferðalag til Evrópu í næsta mánuði.
偶然	fyrir tilviljun	Ég hitti gamlan bekkjarfélaga fyrir tilviljun.
拍	taka	Vinsamlegast hjálpaðu mér að taka mynd.
派	senda	Fyrirtækið sendi hann til Shanghai í vinnuferð.
盼望	hlakka til	Ég hlakka til að hitta þig fljótlega.
培训	þjálfun	Nýir starfsmenn þurfa að sækja þjálfun.
培养	þjálfa	Skólinn leggur áherslu á að þjálfa hæfni nemenda.
赔偿	bæta	Fyrirtækið samþykkti að bæta tjónið.
佩服	dást að	Ég dáist mjög að hugrekki hans.
配合	samstarfa	Vinsamlegast vinnið með kennaranum.
盆	pottur	Það er blómapottur á svölunum.
碰	snerta	Passaðu þig, ekki snerta heita vatnið.
批	lota; sending	Þessi vörusending kom í dag.
批准	samþykkja	Stjórinn samþykkti þessa áætlun.
披	hafa yfir sér	Hún hefur kápu yfir öxlunum.
疲劳	þreyta	Löng vinna getur valdið þreytu.
匹	talningarorð fyrir hesta	Það er hestur á grasinu.
片	sneið	Vinsamlegast gefðu mér brauðsneið.
片面	einhliða	Þetta sjónarmið er of einhliða.
飘	svífa	Snjókorn svífa í loftinu.
拼音	pinyin	Vinsamlegast skrifaðu pinyin við hlið kínversku stafanna.
频道	rás	Vinsamlegast skiptu yfir á fréttarásina.
凭	með	Með miða má fara inn.
平均	að meðaltali	Að meðaltali eyddi hver maður tíu júan.
平	flatur	Þessi vegur er mjög flatur.
平安	öruggur	Ég óska þér öruggrar ferðar.
平常	venjulega	Hann kemur venjulega sjaldan of seint.
平等	jafn	Það ætti að koma jafnt fram við alla.
平方	fermetri	Þetta herbergi er tuttugu fermetrar.
平衡	jafnvægi	Vinna og líf þurfa jafnvægi.
平静	rólegur	Yfirborð vatnsins er mjög rólegt.
评价	mat; umsögn	Kennarinn gaf mjög góða umsögn.
破产	gjaldþrot	Það fyrirtæki varð gjaldþrota í fyrra.
破坏	skemma	Vinsamlegast ekki skemma almannaeign.
迫切	brýnn	Okkur vantar fleiri lækna brýnlega.
期待	hlakka til	Ég hlakka mikið til þessarar ferðar.
期间	á meðan	Vinsamlegast slökktu á símanum á meðan fundinum stendur.
其余	afgangurinn	Afgangurinn af málunum verður ræddur á morgun.
奇迹	kraftaverk	Læknirinn sagði að þetta væri kraftaverk.
企业	fyrirtæki	Þetta fyrirtæki þróast hratt.
启发	innblástur	Þessi bók veitti mér mikinn innblástur.
气氛	andrúmsloft	Andrúmsloftið í kennslustofunni er mjög afslappað.
汽油	bensín	Bíllinn þarf bensín.
签	skrifa undir	Vinsamlegast skrifaðu nafnið þitt hér.
谦虚	hógvær	Hann er framúrskarandi og líka hógvær.
前途	framtíðarhorfur	Þessi námsbraut hefur góðar framtíðarhorfur.
浅	grynnri; grunnur	Þessi á er mjög grunn.
欠	skulda	Hann skuldar mér enn tuttugu júan.
枪	byssa	Lögreglumaðurinn heldur á byssu.
墙	veggur	Það hangir málverk á veggnum.
强调	leggja áherslu á	Kennarinn lagði áherslu á öryggismál.
强烈	sterkur	Hann hefur sterka ábyrgðartilfinningu.
抢	rífast um	Ekki rífast við aðra um sæti.
悄悄	hljóðlega	Hún gekk hljóðlega inn í herbergið.
瞧	sjáðu	Sjáðu, það snjóar úti.
巧妙	snjall	Þessi aðferð er mjög snjöll.
切	skera	Vinsamlegast skerðu ávextina í litla bita.
亲爱	kær	Kæri vinur, takk fyrir.
亲切	vinsamlegur	Kennarinn talar mjög vinsamlega.
亲自	persónulega	Stjórinn tók persónulega á móti gestunum.
勤奋	duglegur	Duglegt fólk nær frekar árangri.
清淡	mildur	Ég vil helst borða mildan mat.
轻视	vanmeta	Ekki vanmeta þetta litla vandamál.
轻易	auðveldlega	Hann gefst ekki auðveldlega upp.
青	blágrænn	Þessi flík er blágræn.
青春	æska	Æskan er dýrmæt.
青少年	unglingur	Unglingar þurfa nægan svefn.
情景	sena	Senan í kvikmyndinni er mjög áhrifamikil.
情绪	tilfinningar	Tilfinningar hans eru ekki mjög stöðugar.
请求	beiðni	Hann setti fram beiðni.
庆祝	fagna	Við fögnuðum afmælisdegi hans.
球迷	aðdáandi	Margir aðdáendur komu til að horfa á leikinn.
趋势	þróun	Þessi þróun verður sífellt augljósari.
取消	aflýsa	Viðburðinum var aflýst vegna rigningar.
娶	giftast	Hann ætlar að giftast henni á næsta ári.
去世	látast	Afi hans lést í fyrra.
圈	hringur	Vinsamlegast teiknaðu hring utan um rétta svarið.
全面	heildstæður	Við þurfum að skilja stöðuna heildstætt.
权利	réttur	Allir eiga rétt á menntun.
权力	völd	Völd ættu að vera undir eftirliti.
劝	ráðleggja	Vinur minn ráðlagði mér að hvíla mig fyrr.
缺乏	skorta	Þetta svæði skortir hreint vatn.
确定	ákveða	Ég get enn ekki ákveðið tímann.
确认	staðfesta	Vinsamlegast staðfestu heimilisfangið þitt.
群	hópur	Hópur barna leikur sér á íþróttavellinum.
燃烧	brenna	Viðurinn brennur.
绕	ganga í kringum	Við gengum einn hring í kringum vatnið.
热爱	elska	Hann elskar vinnuna sína.
热烈	hlýr; ákafur	Allir tóku hlýlega á móti gestunum.
热心	hjálpsamur	Nágrannarnir eru allir mjög hjálpsamir.
人才	hæft fólk	Fyrirtækið þarf meira hæft fólk.
人口	mannfjöldi	Í þessari borg er mikill mannfjöldi.
人类	mannkyn	Mannkynið þarf að vernda jörðina.
人民币	renminbi	Ég skipti peningum í renminbi.
人生	líf	Lífið hefur marga valkosti.
人事	mannauðsmál	Hún vinnur í mannauðsdeildinni.
人物	persóna	Persónurnar í skáldsögunni virka mjög raunverulegar.
人员	starfsfólk	Allt starfsfólkið er komið.
忍不住	geta ekki stillt sig	Eftir að hafa heyrt brandarann gat hann ekki stillt sig um að hlæja.
日常	daglegur	Þetta er dagleg vinna mín.
日程	dagskrá	Dagskráin í dag er mjög þétt.
日历	dagatal	Það hangir dagatal á veggnum.
日期	dagsetning	Vinsamlegast skrifaðu dagsetninguna skýrt.
日用品	daglegar nauðsynjar	Matvörubúðin selur margar daglegar nauðsynjar.
日子	dagar	Hann hefur verið mjög upptekinn þessa dagana.
如何	hvernig	Hvernig eigum við að leysa þetta vandamál?
如今	nú á dögum	Nú á dögum eru samgöngur miklu þægilegri.
软	mjúkur	Þetta rúm er mjög mjúkt.
软件	hugbúnaður	Þessi hugbúnaður er auðveldur í notkun.
弱	veikur	Líkami hans er fremur veikburða.
洒	hella niður	Hann hellti vatninu óvart niður.
嗓子	háls	Mig verkjar svolítið í hálsinn.
色彩	litir	Þetta málverk er mjög litríkt.
杀	drepa	Það eru engar morðsenur í þessari kvikmynd.
沙漠	eyðimörk	Vatn í eyðimörkinni er mjög dýrmætt.
沙滩	strönd	Börnin leika sér á ströndinni.
傻	heimskulegur	Ekki gera neitt heimskulegt.
晒	þurrka í sólinni	Fötin eru að þorna í sólinni á svölunum.
删除	eyða	Vinsamlegast eyddu þessum tölvupósti.
闪电	elding	Elding birtist um nóttina.
善良	góður	Hún er góð manneskja.
善于	vera góður í	Hann er góður í að leysa vandamál.
扇子	blævængur	Á sumrin nota ég oft blævæng.
伤害	særa	Ekki særa tilfinningar annarra.
商品	vara	Þessi búð er með margar vörur.
商务	viðskipti	Hann fer á viðskiptafund á morgun.
商业	verslun	Verslun er vel þróuð á þessu svæði.
上当	láta blekkjast	Hann var næstum því blekktur.
蛇	snákur	Það er snákur í grasinu.
舍不得	tíma ekki	Ég tími ekki að fara héðan.
射击	skotfimi	Hann æfir skotfimi.
摄影	ljósmyndun	Hún hefur mikinn áhuga á ljósmyndun.
设备	búnaður	Búnaðurinn á rannsóknarstofunni er mjög háþróaður.
设计	hönnun	Þessi hönnun er mjög skapandi.
设施	aðstaða	Íþróttaaðstaða skólans er góð.
伸	rétta út	Vinsamlegast réttu fram höndina.
深刻	djúpur	Þessi reynsla hafði djúp áhrif á mig.
身材	líkamsbygging	Hún hefur heilbrigða líkamsbyggingu.
身份	auðkenni	Vinsamlegast sýndu persónuskilríki.
神话	goðsögn	Börnum finnst gaman að hlusta á goðsögur.
神秘	dularfullur	Þessi forna borg er mjög dularfull.
升	lítri	Olíuverðið hækkaði aðeins á lítra.
声调	tónn	Í kínversku eru fjórir grunntónar.
生产	framleiða	Þessi verksmiðja framleiðir farsíma.
生动	líflegur	Kennarinn útskýrir mjög líflega.
生长	vaxa	Þessi planta vex mjög hratt.
绳子	reipi	Vinsamlegast bindið kassann vel með reipi.
省略	sleppa	Hér má sleppa einum staf.
胜利	sigur	Þau náðu loksins sigri.
失眠	svefnleysi	Hann hefur oft þjáðst af svefnleysi nýlega.
失去	missa	Ekki missa sjálfstraustið.
失业	atvinnulaus	Eftir að hann missti vinnuna byrjaði hann að læra nýja færni.
湿润	rakur	Loftið eftir rigninguna er mjög rakt.
狮子	ljón	Það eru tvö ljón í dýragarðinum.
诗	ljóð	Hann skrifaði ljóð.
实话	sannleikur	Vinsamlegast segðu sannleikann.
实践	framkvæmd	Kenningar þarf að prófa í framkvæmd.
实习	starfsnám	Hún fer í starfsnám á sjúkrahúsi í sumarfríinu.
实现	gera að veruleika	Hann gerði loksins draum sinn að veruleika.
实验	tilraun	Nemendurnir eru að gera tilraun.
实用	hagnýtur	Þetta verkfæri er mjög hagnýtt.
时差	tímamismunur	Hann hefur ekki enn vanist tímamismuninum.
时代	tímabil	Við lifum á upplýsingaöld.
时刻	augnablik	Vinsamlegast mundu þetta mikilvæga augnablik.
时髦	tískulegur	Þessi flík er mjög tískuleg.
时期	tímabil	Háskólaárin höfðu mikil áhrif á hann.
时尚	tíska	Hún hefur mikinn áhuga á tísku.
石头	steinn	Það er steinn við veginn.
食物	matur	Vinsamlegast settu matinn í ísskápinn.
使劲儿	beita krafti	Það þarf að beita krafti til að opna þessa flösku.
始终	alltaf	Hann trúði alltaf að honum gæti tekist það.
事实	staðreynd	Staðreyndirnar sanna að hann hafði rétt fyrir sér.
事物	hlutur	Börn eru mjög forvitin um nýja hluti.
事先	fyrirfram	Vinsamlegast segðu mér tímann fyrirfram.
似的	eins og	Hann var svo þreyttur að það var eins og hann vildi ekki segja eitt orð.
士兵	hermaður	Hermennirnir eru að æfa.
市场	markaður	Þessi markaður er mjög líflegur.
试卷	prófblað	Kennarinn er að fara yfir prófblöð.
收获	ávinningur	Ég fékk mikið út úr þessari ferð.
收据	kvittun	Vinsamlegast geymdu kvittunina eftir greiðslu.
手工	handavinna	Þessi gjöf er handgerð.
手术	skurðaðgerð	Læknirinn gerir aðgerð á honum á morgun.
手套	hanski	Maður þarf að vera með hanska þegar farið er út á veturna.
手续	formsatriði; afgreiðsla	Það þarf persónuskilríki til að ganga frá formsatriðunum.
手指	fingur	Fingurinn á honum er meiddur.
首	talningarorð fyrir lög og ljóð	Hún söng lag.
受伤	meiðast	Hann meiddist í keppninni.
寿命	líftími	Þessi tegund vélar hefur langan líftíma.
书架	bókahilla	Bókahillan er full af bókum.
梳子	greiða	Hún greiðir hárið með greiðu.
舒适	þægilegur	Þetta herbergi er mjög þægilegt.
蔬菜	grænmeti	Að borða meira grænmeti er gott fyrir heilsuna.
输入	slá inn	Vinsamlegast sláðu lykilorðið inn í tölvuna.
熟练	vanur	Hann getur notað tölvu af mikilli færni.
属于	tilheyra	Þessi bók tilheyrir bókasafninu.
数	telja	Vinsamlegast teldu hversu margir eru hér.
鼠标	tölvumús	Tölvumúsin mín er biluð.
数据	gögn	Þessi gögn eru mjög mikilvæg.
数码	stafrænn	Hann keypti stafræna myndavél.
摔倒	detta	Hún datt á veginum.
甩	hrista af sér	Hann hristi vatnið af höndunum.
双方	báðir aðilar	Báðir aðilar samþykktu þessa áætlun.
税	skattur	Þegar maður kaupir hluti þarf að borga skatt.
说不定	kannski	Kannski snjóar á morgun.
说服	sannfæra	Hann sannfærði loksins foreldra sína.
丝绸	silki	Þessi trefill er úr silki.
丝毫	alls ekki	Hann breytti alls ekki um skoðun.
思考	hugsa	Vinsamlegast hugsaðu vandlega um þetta vandamál.
思想	hugsun	Hugsun hans er mjög opin.
撕	rífa	Vinsamlegast ekki rífa þetta blað.
私人	einkarými	Þetta er einkarýmið mitt.
似乎	virðast	Hann virðist ekki mjög ánægður.
搜索	leita	Ég leitaði að upplýsingum á netinu.
宿舍	heimavist	Nemendurnir búa á heimavist skólans.
随身	hafa með sér	Vinsamlegast hafðu vegabréfið með þér.
随时	hvenær sem er	Þú getur hringt í mig hvenær sem er.
随手	gera í leiðinni	Vinsamlegast lokaðu hurðinni á eftir þér þegar þú ferð.
碎	brotna	Bollinn datt á gólfið og brotnaði.
损失	tap	Þetta slys olli miklu tapi.
缩短	stytta	Nýja leiðin stytti ferðina.
所	talningarorð fyrir skóla	Þessi skóli er mjög frægur.
锁	læsa	Vinsamlegast læstu hurðinni áður en þú ferð út.
台阶	trappa	Aldraði maðurinn gekk hægt upp tröppurnar.
太极拳	taiji	Í garðinum æfa sumir taiji.
太太	frú	Frú Wang er að elda.
谈判	samningaviðræður	Báðir aðilar eru í samningaviðræðum.
坦率	heiðarlegur	Hann sagði hugsanir sínar hreinskilnislega.
烫	brennandi heitur	Þessi tebolli er mjög heitur.
桃	ferskja	Það uxu margar ferskjur á trénu.
淘气	óþekkur	Þetta barn er svolítið óþekkt.
逃	flýja	Hvolpurinn hljóp út úr garðinum.
逃避	forðast	Ekki forðast ábyrgð.
讨价还价	prútta	Honum finnst gaman að prútta þegar hann verslar.
套	sett	Hann keypti nýtt fatasett.
特色	séreinkenni	Þessi veitingastaður hefur staðbundin sérkenni.
特殊	sérstakur	Í dag er sérstakur dagur.
特征	einkenni	Þessi dýrategund hefur skýr einkenni.
疼爱	þykja vænt um	Afa og ömmu þykir mjög vænt um barnið.
提倡	hvetja til	Skólinn hvetur til vatnssparnaðar.
提纲	drög	Gerðu fyrst drög áður en þú skrifar grein.
提问	spyrja	Nemendur geta spurt hvenær sem er.
题目	verkefni	Þetta verkefni er ekki mjög erfitt.
体会	skilningur	Með ferðalaginu öðlaðist ég nýjan skilning.
体贴	umhyggjusamur	Hann er mjög umhyggjusamur við fjölskyldu sína.
体现	endurspegla	Þetta mál endurspeglar liðsanda.
体验	upplifa	Ég vil upplifa líf heimamanna.
天空	himinn	Himinninn er mjög blár í dag.
天真	barnslegur	Hugmynd barnsins er mjög barnsleg.
调皮	óþekkur	Sá köttur er mjög óþekkur.
调整	stilla	Við þurfum að stilla áætlunina.
挑战	áskorun	Þetta er mikil áskorun.
通常	venjulega	Hann fer venjulega á fætur klukkan sjö.
统一	samræma	Það þarf að samræma skoðanir allra.
痛苦	sársauki	Að missa vin sinn olli honum miklum sársauka.
痛快	skemmtilegur	Í dag skemmtum við okkur virkilega vel.
偷	stela	Ekki stela hlutum annarra.
投入	einbeittur	Hann vinnur mjög einbeittur.
投资	fjárfesta	Þau fjárfestu í nýju verkefni.
透明	gegnsær	Þessi bolli er gegnsær.
突出	áberandi	Kostir hans eru mjög áberandi.
土地	land	Þetta land er mjög frjósamt.
土豆	kartafla	Ég keypti nokkrar kartöflur.
兔子	kanína	Barnið á kanínu.
吐	æla	Honum líður illa og vill æla.
团	hópur	Við tókum þátt í ferðahópi.
推辞	afþakka	Hann afþakkaði boð vinar síns.
推广	kynna	Fyrirtækið er að kynna nýja vöru.
推荐	mæla með	Kennarinn mælti með þessari bók.
退	stíga til baka	Vinsamlegast stígðu eitt skref til baka.
退步	hraka	Ef maður æfir ekki hrakar kunnáttunni.
退休	fara á eftirlaun	Hann fer á eftirlaun á næsta ári.
歪	skakkur	Þetta málverk hangir skakkt.
外公	afi móðurmegin	Afi minn móðurmegin er áttræður í ár.
外交	diplómatía	Hann lærir alþjóðasamskipti og diplómatíu.
完美	fullkominn	Þessi áætlun er ekki fullkomin.
完善	bæta	Við þurfum að bæta þjónustuferlið.
完整	heill	Vinsamlegast gefðu mér heila skýrslu.
玩具	leikfang	Barnið setti leikföngin í kassann.
万一	ef ske kynni	Ef ske kynni að það rigndi förum við annan dag.
王子	prins	Prinsinn í sögunni er mjög hugrakkur.
往返	fram og til baka	Þessi miði gildir fram og til baka sama dag.
网络	nettenging	Nettengingin hér er mjög stöðug.
危害	skaða	Reykingar geta skaðað heilsuna.
威胁	ógna	Mengun ógnar ánni.
微笑	brosa	Hún brosti til mín.
唯一	eini	Þetta er eina leiðin.
围巾	trefill	Hann er með trefil á veturna.
围绕	snúast um	Umræðan snerist um þetta mál.
维修	viðgerð	Lyftan er í viðgerð.
违反	brjóta gegn	Að gera þetta brýtur gegn reglunum.
伟大	mikill	Þetta er mikil uppgötvun.
委屈	særður	Henni fannst hún beitt órétti.
尾巴	hali	Hvolpurinn dinglaði halanum.
位于	vera staðsettur	Skólinn er staðsettur í miðbænum.
位置	staður	Þessi staður er mjög rólegur.
未必	ekki endilega	Það sem hann sagði er ekki endilega satt.
未来	framtíð	Við þurfum að búa okkur undir framtíðina.
胃	magi	Mér er svolítið illt í maganum.
胃口	matarlyst	Hann hefur góða matarlyst í dag.
温暖	hlýr	Vorsólin er mjög hlý.
温柔	blíður	Hún talar mjög blíðlega.
文件	skjal	Vinsamlegast sendu mér skjalið.
文具	ritföng	Það eru mörg ritföng í skólatöskunni.
文明	menningarlegur	Að standa í röð er siðmenntuð hegðun.
文学	bókmenntir	Hún hefur gaman af kínverskum bókmenntum.
文字	letur; texti	Þessi texti er erfiður að lesa.
闻	finna lykt	Ég fann blómailm.
吻	kyssa	Móðirin kyssti barnið á kinnina.
稳定	stöðugur	Verðlag helst stöðugt.
问候	kveðja	Vinsamlegast færðu fjölskyldu þinni kveðju frá mér.
卧室	svefnherbergi	Það er stórt rúm í svefnherberginu.
握手	takast í hendur	Þau tókust í hendur þegar þau hittust.
屋子	herbergi	Það er hlýtt í herberginu.
无奈	ráðalaus	Hann hristi höfuðið ráðalaus.
无数	ótal	Það eru ótal stjörnur á næturhimninum.
无所谓	skiptir ekki máli	Það skiptir ekki máli hvað þú vilt borða.
武术	bardagalist	Hann hefur lært bardagalistir frá barnæsku.
勿	ekki	Vinsamlegast reykið ekki hér.
物理	eðlisfræði	Eðlisfræðitíminn er mjög áhugaverður.
物质	efni	Vatn er mikilvægt efni.
雾	þoka	Það var mikil þoka um morguninn.
吸取	læra af	Við eigum að læra af þessum lærdómi.
吸收	taka upp	Plöntur taka upp vatn.
戏剧	leiklist	Honum finnst gaman að horfa á hefðbundna leiklist.
系	deild	Hún stundar nám í kínverskudeildinni.
系统	kerfi	Þetta kerfi virkar stöðugt.
细节	smáatriði	Vinsamlegast taktu eftir þessum smáatriðum.
瞎	í blindni	Ekki giska í blindni, skoðaðu gögnin fyrst.
下载	hlaða niður	Ég hlóð þessum hugbúnaði niður.
吓	hræða	Skelfilegi hljóðið hræddi mig.
夏令营	sumarnámskeið	Barnið tók þátt í kínversku sumarnámskeiði.
鲜艳	skær	Liturinn á þessu pilsi er mjög skær.
显得	láta líta út	Þessi flík lætur hann líta mjög ungan út.
显然	augljóslega	Augljóslega veit hann nú þegar niðurstöðuna.
显示	sýna	Skjárinn sýnir rangan tíma.
县	sýsla	Í þessari sýslu eru margir tegarðar.
现代	nútímalegur	Nútímalíf er óaðskiljanlegt frá netsambandi.
现实	raunveruleiki	Við verðum að horfast í augu við raunveruleikann.
现象	fyrirbæri	Þetta fyrirbæri er mjög algengt.
限制	takmarka	Hér er aðgangur ökutækja takmarkaður.
相处	koma vel saman	Þeim kemur mjög vel saman.
相当	nokkuð	Þessi bók er nokkuð áhugaverð.
相对	tiltölulega	Verðin hér eru tiltölulega ódýr.
相关	viðeigandi	Vinsamlegast leggðu fram viðeigandi gögn.
相似	líkur	Merking þessara tveggja stafa er mjög lík.
香肠	pylsa	Í morgunmat eru egg og pylsa.
享受	njóta	Þau njóta frísins.
想念	sakna	Ég sakna fjölskyldunnar minnar mjög mikið.
想象	ímynda sér	Ég get ekki ímyndað mér slíkt líf.
象棋	kínversk skák	Afi hefur gaman af að tefla kínverska skák.
象征	tákna	Hvítt táknar oft hreinleika.
项	liður; atriði	Þetta verkefni er mjög mikilvægt.
项链	hálsmen	Hún er með silfurhálsmen.
项目	verkefni	Þetta verkefni tekur þrjá mánuði.
消费	neysla	Neyslan jókst yfir hátíðina.
消化	melting	Ganga eftir mat hjálpar meltingunni.
消极	neikvæður	Ekki líta á vandamál með neikvæðu viðhorfi.
消失	hverfa	Sólin hvarf hægt bak við fjallið.
销售	selja	Þetta fyrirtæki selur raftæki.
小麦	hveiti	Mikið hveiti er ræktað í norðri.
小气	nískur	Ekki vera svona nískur.
孝顺	góður við foreldra	Hann er mjög góður við foreldra sína.
效率	skilvirkni	Að gera þetta svona getur aukið skilvirkni.
歇	hvíla	Við skulum hvíla okkur smá fyrst.
斜	skakkur	Þessi vegur hallar svolítið.
写作	ritun	Ritun krefst langvarandi æfingar.
心理	andlegt ástand	Fyrir próf þarf að stilla andlega ástandið.
心脏	hjarta	Heilsa hjartans er mjög mikilvæg.
欣赏	dást að	Við dáðumst að fallegu landslaginu.
信号	merki	Farsímamerkið hér er slæmt.
信任	traust	Vinir þurfa að bera traust hver til annars.
形成	myndast	Góðar venjur þurfa að myndast smám saman.
形容	lýsa	Ég veit ekki hvernig ég á að lýsa þessari tilfinningu.
形势	staða	Núverandi staða er nokkuð flókin.
形式	form	Fundurinn getur farið fram á netinu.
形象	ímynd	Opinber ímynd hans er góð.
形状	lögun	Lögun þessa kassa er mjög sérstök.
行动	aðgerð	Við þurfum að grípa strax til aðgerða.
行人	vegfarandi	Gættu að vegfarendum þegar þú ferð yfir götuna.
行为	hegðun	Slík hegðun er ókurteis.
幸亏	sem betur fer	Sem betur fer minntir þú mig á þetta.
幸运	heppinn	Hann var heppinn að finna vinnu.
性质	eðli	Eðli þessa vandamáls er mjög alvarlegt.
兄弟	bræður	Bræðurnir tveir eiga gott samband.
胸	brjóst	Honum finnst svolítið þröngt fyrir brjóstinu.
休闲	afþreying	Helgin er góður tími fyrir afþreyingu.
修改	breyta	Vinsamlegast breyttu þessari grein.
虚心	auðmjúkur	Við eigum að hlusta á skoðanir af auðmýkt.
叙述	segja frá	Hann sagði skýrt frá því sem gerðist.
宣布	tilkynna	Skólinn tilkynnti nýju reglurnar.
宣传	kynna	Þau eru að kynna upplýsingar um umhverfisvernd.
学历	menntun	Þetta starf krefst háskólagráðu.
学术	fræðilegur	Á þessum fundi er rætt um fræðileg málefni.
学问	þekking	Hann er mjög fróður.
血	blóð	Það blæddi svolítið úr hendinni á honum.
寻找	leita að	Við erum að leita að nýrri aðferð.
询问	spyrjast fyrir	Hann spurði kennarann um próftímann.
训练	þjálfun	Íþróttamaðurinn æfir á hverjum degi.
迅速	hratt	Fréttin breiddist hratt út.
押金	tryggingargjald	Það þarf að greiða tryggingargjald þegar maður leigir húsnæði.
牙齿	tönn	Vinsamlegast hugsaðu vel um tennurnar á hverjum degi.
严肃	alvarlegur	Svipur kennarans er mjög alvarlegur.
延长	lengja	Fundurinn var lengdur um hálfa klukkustund.
演讲	ræða	Hann undirbýr ræðuna fyrir morgundaginn.
宴会	veisla	Þau tóku þátt í veislu.
阳台	svalir	Það eru nokkrir blómapottar á svölunum.
痒	klæja	Mig klæjar svolítið í handlegginn.
样式	stíll	Þessi stíll er mjög vinsæll.
腰	mjóbak	Mjóbakið getur farið að verkja eftir langa setu.
摇	hrista	Vindurinn hristi greinarnar fram og til baka.
咬	bíta	Þessi hundur bítur ekki fólk.
要不	annars; hvað með	Hvað með að við förum aftur á morgun?
业务	starfsemi	Starfsemi fyrirtækisins fer vaxandi.
业余	frístund	Hann lærir ljósmyndun í frístundum.
夜	nótt	Gatan er mjög róleg á nóttunni.
依然	enn	Hann býr enn í Peking.
一辈子	alla ævi	Hún elskaði tónlist alla ævi.
一旦	þegar	Þegar þú hefur ákveðið þig ættirðu að halda fast við það.
一律	allir án undantekningar	Á meðan fundinum stendur skulu allir símar vera slökktir.
一再	ítrekað	Hann minnti okkur ítrekað á að gæta öryggis.
一致	samhljóða	Skoðanir allra eru alveg samhljóða.
疑问	spurning	Ég hef spurningu um þetta svar.
移动	færa	Vinsamlegast færðu borðið aðeins.
移民	flytja úr landi	Þau ætla að flytja úr landi.
遗憾	sjá eftir	Ég sé eftir því að hafa ekki getað hitt þig.
乙	aðili B	Í samningnum ber aðili B ábyrgð á greiðslu.
以及	auk	Ég keypti bækur auk ritfanga.
以来	síðan	Síðan hann útskrifaðist hefur hann unnið í Peking.
义务	skylda	Að vernda umhverfið er skylda allra.
亿	milljarður	Í þessu landi búa rúmlega einn milljarður manna.
意外	óvænt	Það að koma of seint í þetta skipti var alveg óvænt.
意义	merking	Þessi viðburður er mjög þýðingarmikill.
议论	ræða	Allir eru að ræða þetta mál.
因而	þess vegna	Hann lærir af kappi og þess vegna eru einkunnir hans góðar.
因素	þáttur	Veður er mikilvægur þáttur.
银	silfur	Hún er með silfurarmband.
印刷	prentun	Þessi bók er mjög skýrt prentuð.
英俊	myndarlegur	Hann er mjög myndarlegur.
英雄	hetja	Slökkviliðsmenn eru sannar hetjur.
营养	næring	Morgunmatur ætti að innihalda næga næringu.
营业	vera opið	Þessi búð opnar klukkan níu.
迎接	taka á móti	Við fórum á flugvöllinn til að taka á móti gestunum.
影子	skuggi	Skugginn hans er undir götuljósinu.
应付	takast á við	Hann ræður við þetta vandamál.
应用	beita	Þessa aðferð má beita í kennslu.
硬	harður	Þessi stóll er of harður.
硬件	vélbúnaður	Þessi tölva er með góðan vélbúnað.
拥抱	faðma	Barnið hljóp til mömmu og faðmaði hana.
拥挤	þröngt	Neðanjarðarlestin er mjög þéttskipuð í morgunannríkinu.
勇气	hugrekki	Hann hefur hugrekki til að viðurkenna mistök.
用功	duglegur	Hún lærir mjög duglega.
用途	notkun	Þetta efni hefur margvíslega notkun.
优惠	afsláttur	Þessi búð er með afslátt í dag.
优美	fallegur	Umhverfið hér er mjög fallegt.
优势	kostur	Kostur hans er mikil reynsla.
悠久	langur	Kína á sér langa sögu.
油炸	steiktur	Ég borða sjaldan djúpsteiktan mat.
游览	skoða	Við skoðum Forboðnu borgina á morgun.
犹豫	hika	Hann hikaði í smá stund áður en hann svaraði.
有利	hagstæður	Þetta skilyrði er okkur hagstætt.
幼儿园	leikskóli	Barnið fer í leikskóla á næsta ári.
娱乐	afþreying	Að horfa á kvikmyndir er afþreying.
与其	frekar en	Frekar en að kvarta er betra að grípa til aðgerða.
语气	tónn	Tónninn í máli hans er mjög mildur.
玉米	maís	Það er maíssúpa í kvöldmat.
预报	spá	Veðurspáin segir að það rigni á morgun.
预订	bóka	Ég hef þegar bókað hótelið.
预防	koma í veg fyrir	Að þvo hendur oft getur komið í veg fyrir kvef.
元旦	nýársdagur	Á nýársdag fáum við frí í einn dag.
原料	hráefni	Helsta hráefnið í brauði er hveiti.
原则	meginregla	Maður ætti að hafa meginreglur.
员工	starfsmaður	Fyrirtækið hefur þrjú hundruð starfsmenn.
圆	kringlóttur	Tunglið er stórt og kringlótt.
愿望	ósk	Ósk hans er að ferðast um heiminn.
乐器	hljóðfæri	Hún kann að spila á nokkur hljóðfæri.
晕	sviminn	Ég verð svolítið sviminn þegar ég fer með báti.
运气	heppni	Ég er heppinn í dag.
运输	flutningur	Þessar vörur þurfa járnbrautarflutning.
运用	nota	Vinsamlegast notaðu þessi orð á sveigjanlegan hátt.
灾害	hamfarir	Flóð eru náttúruhamfarir.
再三	ítrekað	Kennarinn minnti okkur ítrekað á að rifja upp.
在乎	skipta máli	Honum skiptir miklu máli hvað vinum hans finnst.
在于	liggja í	Árangur liggur í þrautseigju.
赞成	samþykkja	Ég samþykki tillögu þína.
赞美	hrósa	Allir hrósuðu hugrekki hennar.
糟糕	hræðilegur	Veðrið í dag er virkilega hræðilegt.
造成	valda	Mikil rigning olli umferðarteppu.
则	þá	Ef maður leggur sig fram, þá verða framfarir.
责备	ásaka	Kennarinn ásakaði hann ekki.
摘	tína	Hún tíndi blóm í garðinum.
窄	þröngur	Þessi vegur er of þröngur.
粘贴	líma	Vinsamlegast límdu myndina hér.
展开	hefja	Umræðan hófst fljótt.
展览	sýning	Safnið er með nýja sýningu.
占	taka pláss	Þetta borð tekur pláss.
战争	stríð	Stríð færir fólki þjáningar.
掌握	ná tökum á	Hann hefur þegar náð tökum á grunnmálfræðinni.
涨	hækka	Leigan hefur hækkað aftur nýlega.
长辈	eldri ættingi	Á nýárinu á maður að heilsa eldri ættingjum.
账户	reikningur	Vinsamlegast athugaðu bankareikninginn þinn.
招待	taka á móti	Gestgjafinn tók hlýlega á móti gestunum.
着火	kvikna í	Það kviknaði skyndilega í eldhúsinu.
着凉	kvefast	Það er kalt, passaðu að kvefast ekki.
召开	halda fund	Skólinn heldur fund á morgun.
照常	eins og venjulega	Búðin verður opin eins og venjulega á morgun.
哲学	heimspeki	Hann lærði heimspeki í háskóla.
珍惜	meta	Við ættum að meta tímann.
真实	sannur	Þessi saga er sönn.
针对	miðast við	Þessi tillaga miðast við nýja nemendur.
诊断	greining	Læknirinn gerði fljótt greiningu.
振动	titra	Síminn titrar á borðinu.
阵	skúr	Það kom stuttur regnskúr úti.
争论	deila	Þau deildu lengi um þetta mál.
争取	berjast fyrir	Við eigum að berjast fyrir fleiri tækifærum.
征求	leita eftir	Kennarinn leitaði eftir skoðunum allra.
挣	losna	Fuglinn losnaði úr bandinu.
睁	opna	Vinsamlegast opnaðu augun aðeins meira.
整个	allur	Öll borgin er mjög róleg.
整齐	snyrtilegur	Bókunum er raðað mjög snyrtilega.
整体	heild	Við þurfum að hugsa um heildaráhrifin.
政府	ríkisstjórn	Ríkisstjórnin gaf út nýja tilkynningu.
政治	stjórnmál	Hann hefur mikinn áhuga á stjórnmálum.
正	réttur	Þetta svar er rétt.
证件	skilríki	Vinsamlegast sýndu skilríkin þín.
证据	sönnunargögn	Lögreglan fann ný sönnunargögn.
支	talningarorð fyrir mjóa hluti	Það er penni á borðinu.
支票	ávísun	Hann greiddi með ávísun.
执照	leyfi	Það þarf ökuskírteini til að aka.
直	beint	Gakktu beint áfram eftir þessum vegi.
指导	leiðbeina	Kennarinn leiðbeindi okkur við að skrifa ritgerðina.
指挥	stjórna	Hann ber ábyrgð á að stjórna þessari aðgerð.
制定	setja fram	Fyrirtækið setti fram nýja áætlun.
制度	kerfi	Skólinn hefur strangt kerfi.
制造	framleiða	Þessi verksmiðja framleiðir vélar.
制作	búa til	Hún er að búa til afmælisköku.
志愿者	sjálfboðaliði	Margir sjálfboðaliðar tóku þátt í viðburðinum.
智慧	viska	Þessi aldraði maður býr yfir mikilli visku.
治疗	meðferð	Læknirinn er að meðhöndla sjúklinginn.
秩序	regla	Vinsamlegast haldið röð og reglu.
至今	enn þann dag í dag	Þetta vandamál hefur enn ekki verið leyst.
至于	hvað varðar	Hvað kostnaðinn varðar ræðum við hann á morgun.
中介	miðlari	Hann leigði íbúðina í gegnum miðlara.
中心	miðja	Sjúkrahúsið er í miðborginni.
中旬	um miðjan mánuð	Fundurinn er áætlaður um miðjan maí.
种类	tegund	Hér eru margar tegundir af ávöxtum.
重大	mikill	Þetta er mikil ákvörðun.
重量	þyngd	Hver er þyngd þessa kassa?
周到	umhyggjusamur	Þjónusta hans er mjög umhyggjusöm.
猪	svín	Það eru mörg svín á bóndabænum.
竹子	bambus	Pöndum finnst gott að borða bambus.
逐步	skref fyrir skref	Áætlunin verður framkvæmd skref fyrir skref.
逐渐	smám saman	Veðrið kólnaði smám saman.
主持	stýra	Hún stýrir fundinum í dag.
主动	að eigin frumkvæði	Hann hjálpaði bekkjarfélaga sínum að eigin frumkvæði.
主观	huglægur	Þessi umsögn er svolítið huglæg.
主人	gestgjafi	Gestgjafinn bauð okkur hlýlega velkomin.
主任	forstöðumaður	Forstöðumaðurinn er á skrifstofunni.
主题	þema	Þema umræðunnar í dag er umhverfisvernd.
主席	fundarstjóri	Fundarstjórinn tilkynnti að fundurinn væri hafinn.
主张	mæla með	Hann mælir með að leysa umferðarvandann fyrst.
煮	sjóða	Mamma er að sjóða núðlur.
注册	skrá sig	Nýir notendur þurfa fyrst að skrá sig.
祝福	heillaósk	Vinirnir sendu heillaóskir sínar.
抓	grípa	Barnið greip í hönd mömmu sinnar.
抓紧	nýta vel	Við þurfum að nýta tímann vel.
专家	sérfræðingur	Sérfræðingurinn kom með tillögur.
专心	einbeittur	Í tíma þarf að hlusta einbeitt.
转变	breyting	Afstaða hans tók breytingum.
转告	koma skilaboðum áleiðis	Vinsamlegast segðu honum að það sé fundur á morgun.
装	setja	Vinsamlegast settu bækurnar í töskuna.
装饰	skreyta	Þau skreyttu herbergið með blómum.
装修	endurnýja	Nýja húsið er í endurnýjun.
撞	rekast á	Tveir bílar rákust saman á gatnamótunum.
状况	staða	Núverandi staða er nokkuð stöðug.
状态	ástand	Hann er í góðu formi í dag.
追	elta	Barnið eltir hvolpinn fyrir aftan.
追求	sækjast eftir	Hann hefur alltaf sóst eftir draumi sínum.
咨询	ráðfæra sig við	Þú getur ráðfært þig við sérfræðilækni.
姿势	líkamsstaða	Vinsamlegast haltu réttri líkamsstöðu.
资格	réttindi	Hann hefur rétt til að taka þátt í keppninni.
资金	fjármagn	Verkefnið þarf meira fjármagn.
资料	gögn	Vinsamlegast sendu mér gögnin.
资源	auðlind	Vatn er mikilvæg náttúruauðlind.
紫	fjólublár	Henni líkar fjólublátt.
字母	bókstafur	Enska hefur tuttugu og sex bókstafi.
字幕	texti	Þessi kvikmynd er með kínverskum texta.
自从	síðan	Síðan hann útskrifaðist kemur hann sjaldan aftur.
自动	sjálfvirkur	Þessi hurð opnast sjálfkrafa.
自豪	stoltur	Ég er stoltur af framförum mínum.
自觉	að eigin frumkvæði	Hann kláraði heimavinnuna að eigin frumkvæði.
自私	eigingjarn	Maður ætti ekki að vera of eigingjarn.
自由	frelsi	Allir meta frelsi.
自愿	sjálfviljugur	Þau tóku þátt í viðburðinum af fúsum og frjálsum vilja.
综合	samþættur	Við þurfum að taka alls konar þætti saman til skoðunar.
总裁	forstjóri	Forstjórinn hélt ræðu í dag.
总共	samtals	Þessi ferð kostaði samtals þrjú þúsund júan.
总理	forsætisráðherra	Forsætisráðherrann sótti fundinn.
总算	loksins	Vandamálið var loksins leyst.
总统	forseti	Forsetinn hélt sjónvarpsávarp.
总之	í stuttu máli	Í stuttu máli verðum við að ljúka þessu á réttum tíma.
组	hópur	Kennarinn skipti okkur í þrjá hópa.
组成	samanstanda af	Vatn samanstendur af vetni og súrefni.
组合	samsetning	Þessi litasamsetning er falleg.
组织	skipuleggja	Skólinn skipulagði ferð.
阻止	koma í veg fyrir	Lögreglan kom í veg fyrir hættulega hegðun.
最初	í upphafi	Í upphafi skildi ég þetta ekki alveg.
醉	drukkið	Hann drakk of mikið og er svolítið drukkinn.
尊敬	virða	Nemendurnir virða allir kennarann.
遵守	fylgja	Við verðum að fylgja umferðarreglum.
作品	verk	Þetta málverk er verk hans.
作为	sem	Sem kennari er hann mjög þolinmóður.
作文	ritgerð	Kennarinn lét okkur skrifa ritgerð.
